{
  "project_info": {
    "project_number": "13672499421",
    "project_id": "apptesis-95199",
    "storage_bucket": "apptesis-95199.appspot.com"
  },
  "client": [
    {
      "client_info": {
        "mobilesdk_app_id": "1:13672499421:android:d65429bbae17842c17b334",
        "android_client_info": {
          "package_name": "com.example.apptesis"
        }
      },
      "oauth_client": [
        {
          "client_id": "13672499421-tc0o8opkivrdojbb3afgns9ci438nt37.apps.googleusercontent.com",
          "client_type": 3
        }
      ],
      "api_key": [
        {
          "current_key": "AIzaSyBG2flyv-qKMnJfuClCkXycMSfzWOaxx2E"
        }
      ],
      "services": {
        "appinvite_service": {
          "other_platform_oauth_client": [
            {
              "client_id": "13672499421-tc0o8opkivrdojbb3afgns9ci438nt37.apps.googleusercontent.com",
              "client_type": 3
            }
          ]
        }
      }
    }
  ],
  "configuration_version": "1"
}